ID,sepal length in cm,sepal width in cm,petal length in cm,petal width in cm
1,4.525000,2.937500,1.337500,0.200000,
2,5.097619,3.509524,1.488095,0.252381,
3,6.012000,2.776000,4.312000,1.344000,
